Package;Shape;W;L;H;Ang1;Ang2;Ang3;Sh X;Sh Y;Sh Z;
0603;CC0603;;;;;;;;;;
0603long;CC0603;;;;;;;;;;
0805;CC0805;;;;;;;0,00;;;
10SIP100;2SIP100;;;;;;;;;;
10SIP100;2SIP100;;;;;;;10,16;;;
10SIP100;2SIP100;;;;;;;15,24;;;
10SIP100;2SIP100;;;;;;;20,32;;;
10SIP100;2SIP100;;;;;;;5,08;;;
1206;Rect;3,10;1,60;0,55;;;;;;;
12DIP79;mDip79;;;;;;;0,00;1,00;0,00;
12DIP79;mDip79;;;;;;;4,00;1,00;0,00;
12DIP79;mDip79;;;;;;;-4,00;1,00;0,00;
1812;Rect;4,5;3,2;1,7;;;;0,00;;;
2SIP100;Rect;0,60;0,60;8,00;;;;;;-2,00;
2SIP100;Rect;0,60;0,60;8,00;;;;2,54;;-2,00;
2SIP100;Rect;5,05;2,55;2,55;;;;1,25;0,00;;
32768;mDPin;2,10;-0,25;1,20;-15;;;;0,00;;
32768;mDPin;2,10;-0,25;1,20;15;;;0,00;-2,50;;
32768;Oval;2,15;2,15;8;0;90;;1,75;-1,25;1,10;
3300uF;oval;10,8;10,8;30;0;0;;2,50;;;
3Dtrap;mTrap;1,50;1,00;;;-45,00;;;0,00;;
470X16V;Oval;8,1;8,1;12;0;0;;;;;
4DIP79;Rect;5;4;1;0;0;;0;0,00;6;
4DIP79;Rect;6;4,5;6;0;0;;0;0,00;;
6403892;Arc;1,1;1,1;1,1;90;90;;1,45;-0,55;2,5;
6403892;Arc;1,1;1,1;1,1;90;90;;-2,55;-0,55;2,5;
6403892;Rect;1,1;1,1;5,7;;;;2;;-3,2;
6403892;Rect;1,1;1,1;5,7;;;;-2;;-3,2;
6403892;Rect;1,1;19;1,1;;;;2;-10,05;2,5;
6403892;Rect;1,1;19;1,1;;;;-2;-10,05;2,5;
6403892;Rect;8;16,8;6,4;;;;0,00;-17,20;-0,70;
6403892;Rect;8;3,4;7,5;;;;;-7;;
6SIP100;2SIP100;;;;;;;;;;
6SIP100;2SIP100;;;;;;;10,16;;;
6SIP100;2SIP100;;;;;;;5,08;;;
8DIP79;Rect;10;4,5;6;;;;;0,25;;
8DIP79;Rect;9;4;1;;;;;0,25;6,00;
ABM3;Rect;4,45;2,95;0,7;;;;;;0,6;
ABM3;Rect;5;3,2;0,6;;;;;;;
AD8231;Rect;4,1;4,1;0,8;;;;0,00;0,00;;
ADXL1001BCPZ*;RndQ;5,00;5,00;1,50;;;;1,80;1,80;;
ADXL343M1;LIS202;;;;;;;;;;
APTR3216QBCD;L1154RY;;;;;;;;;0,00;
ATYPE;Rect;3,5;1,8;1,7;;;;;;;
B2BPHKS;B2BPINS;;;;;;;5,00;;;
B2BPHKS;Rect;6,00;3,90;0,65;;;;0,00;-0,55;6,00;
B2BPHKS;Silk;0,00;;6,00;;;;0,00;;;
B2BPHKS1;Rect;6;4,7;6;;;;-1;0,45;;
B2BPINS;Rect;0,60;0,60;10,00;;;;-4,00;;-2,50;
B2BPINS;Rect;0,60;0,60;10,00;;;;-6,00;;-2,50;
B3BPHKS;Rect;0,60;0,60;10,00;;;;;;-2,50;
B3BPHKS;Rect;0,60;0,60;10,00;;;;-2,00;;-2,50;
B3BPHKS;Rect;0,60;0,60;10,00;;;;-4,00;;-2,50;
B3BPHKS;Rect;8,00;4,70;6,00;;;;-2,00;0,45;;
B4B;B2BPINS;;;;;;;;;;
B4B;B2BPINS;;;;;;;4,00;0,00;;
B4B;Rect;10,00;4,70;6,00;;;;-3,00;0,45;;
B4BPHKS;B4B;;;;180,00;;;-1,00;0,00;;
B5BPHKS;Silk;;;6,00;;;;;;;
B5BPHKS2;B5BPHKS;;;;;;;;;;
BLM41;Rect;4,50;1,60;1,60;;;;;;;
BNC;Oval;12,5;12,5;9,5;90;90;;;;5;
BNC;Oval;9,6;9,6;12,2;90;90;;;9,5;5;
BNC;Rect;15;14;11,3;;;;;-7;;
bncimp;bnc;;;;;;;;;;
BNCJ;Oval;12,50;12,5;8,8;;0;;;0,00;14,5;
BNCJ;Oval;9,6;9,6;11,9;;;;;;23,30;
BNCJ;Rect;15;15;14,5;;;;;;;
BNCJR;BNCJ;;;;0,00;0,00;90,00;0,00;-13,75;7,50;
BO9864BFPHH$;Arc;11;0,5;4,5;-90;-90;;32,3;-15,25;3;
BO9864BFPHH$;Arc;3;0,5;4,5;-85;90;;27,8;-15,25;2,95;
BO9864BFPHH$;Arc;3;0,5;4,5;85;-90;;32,3;-10,3;2,35;
BO9864BFPHH$;Arc;3;0,5;4,5;95;90;;27,8;-10,3;2,4;
BO9864BFPHH$;Arc;3;0,5;4,5;-95;-90;;32,3;-15,15;0,9;
BO9864BFPHH$;Arc;8;0,5;4,5;-90;90;;27,8;-15,15;0,8;
BO9864BFPHH$;Rect;0,75;0,75;2;;;;0,00;-0,05;-1,75;
BO9864BFPHH$;Rect;0,75;0,75;2;;;;33,15;-0,05;-1,75;
BO9864BFPHH$;Rect;18,25;8;;;;;18,7;-8,75;3,5;
BO9864BFPHH$;Rect;34;4;1;;;;16,55;-2,75;3;
BO9864BFPHH$;Rect;36;30;4;;;;16,55;14,25;;
CAP 47025V;Silk;;;13,00;;;;;;;
CapRect;Rect;5,00;5,00;1,00;;;;;;;
CAT16J4;mPins2;2,20;3,00;0,50;90;;;;-1,00;;
CAT16J4;Rect;3,4;1,8;1;;;;;;;
CC0603;Rect;1,60;0,80;0,90;;;;;;;
CC0805;Rect;0,70;1,3;1,3;;;;0,85;;;
CC0805;Rect;0,70;1,3;1,3;;;;-0,85;;;
CC0805;Rect;1,00;1,25;1,20;;;;;;0,05;
CC08051;CC0805;;;;;;;0,00;0,00;0,00;
CC1812;WIMA01;;;;;;;;;;
CDRH127;Rect;11,00;4,55;4;;0,00;;;;;
CDRH127;Rect;11,00;4,55;4;-45,00;0,00;;;;;
CDRH127;Rect;4,55;11,00;4;;0,00;;;;;
CDRH127;Rect;4,55;11,00;4;-45,00;0,00;;;;;
CDRH3D16NP;Rect;3,8;3,8;1,85;0,00;0;;0;;;
CDRH4D28C/LD;Rect;5;5;3;;;;;;;
CDRH4D28LD;Rect;5,35;1,65;3,00;90,00;;;;;;
CDRH4D28LD;Triangle;3,80;3,80;3,00;135,00;;;3,50;0,00;;
CDRH4D28LD;Triangle;3,80;3,80;3,00;-45,00;;;-3,50;0,00;;
CDRH5D28NP;Rect;5,2;5,2;3;;;;;;;
CP1622;Rect;3,00;3,00;1,20;;;;;;;
CP164;Rect;4,15;4,10;1,00;;;;;;;
CR123A;Rect;43;18;19;;;;19;;;
CTYPE;Rect;6,2;3,3;2,8;;;;;;;
DHVQFN16;Rect;3,50;2,50;1,00;;;;;;;
DM3ASFPEJ2M;Rect;11;1,6;0,75;;;;-0,3;-8,75;0,45;
DM3ASFPEJ2M;Rect;13,9;16;1,65;;;;0,1;0,05;0;
DPAK;Pin;2,9;1;1,3;90;;;-2,2;-6,35;0,2;
DPAK;Pin;2,9;1;1,3;90;;;2,25;-6,35;0,2;
DPAK;Rect;5,4;1,25;0,6;;;;;2,475;;
DPAK;Rect;6,22;6,73;2,37;;;;;-1,525;;
DT38;32768;;;;;;;;;0,00;
DTYPE;Rect;6,50;3,50;3,00;;;;;;;
EPG0B304HLN;Oval;9;9;11,60;;90,00;;6,50;;6,60;
EPG0B304HLN;Rect;13,20;11,60;6,50;;;;-0,10;;;
EPG0B304HLN;Rect;6,70;11,60;6,50;;;;3,15;;6,50;
EPG0B304HLN;Triangle;6,50;6,50;11,60;180,00;0,00;-90,00;-0,20;-5,80;6,50;
EVQPUC02;TSSTD26EA1;;;;;;;;;;
EVQQ2;PANASONIC EVQQ2;6,80;;;;;;;;;
EVQQ2P03W;EVQQ2;;;;;;;;;;
EVQQ2Y02W;Oval;3;3;1,20;;;;;;1,9;
EVQQ2Y02W;Pin;0,50;0,80;1,05;270,00;;;2,00;3,65;;
EVQQ2Y02W;Pin;0,50;0,80;1,05;270,00;;;-2,00;3,65;;
EVQQ2Y02W;Pin;0,50;0,80;1,05;90,00;;;2,00;-3,65;;
EVQQ2Y02W;Pin;0,50;0,80;1,05;90,00;;;-2,00;-3,65;;
EVQQ2Y02W;Rect;6;6,8;1,9;;;;;;;
FH12A36S0.5SHHIROSE;Rect;1,7;3;2;;;;10,2;-3,05;;
FH12A36S0.5SHHIROSE;Rect;1,7;3;2;;;;-10,2;-3,05;;
FH12A36S0.5SHHIROSE;Rect;22,1;3,1;2;;;;;;;
FH12A36S0.5SHHIROSE;Rect;3;18,6;;90;-20;;;-3;1,45;
HA;Oval;14;14;8;;;;-3,8;;;
HC49S;Oval;11,2;4,8;5;;;;2,59;-0,1;;
IDC10;Rect;09;20;09;90;;;-5.08;-1.27;;
IDC10;Rect;6;17;16;90;;;-5.08;-1.27;;
IDC26M;Rect;13,20;5,40;11;;;;-2,00;-1,00;;
IND9;Arc;3,00;3,00;0,50;25,00;0,00;-90,00;0,95;-2,25;-1,25;
IND9;Arc;3,00;3,00;0,50;25,00;0,00;-90,00;0,95;2,75;-1,25;
IND9;Oval;7,00;7,00;7;;;;-1,90;;-5,55;
KPBA3010;Rect;3,00;1,00;1,00;;;;;;;
KPBA3010;Silk;;;1,00;;;;;;;
KPTB16125SURKQBDC;KPTB1612SURKQBDC;;;;;;;;;;
KPTB1612SURKQBDC;Rect;0,60;1,25;0;;-85,00;;-0,575;;0,55;
KPTB1612SURKQBDC;Rect;0,60;1,25;0;;-95,00;;0,58;;0,55;
KPTB1612SURKQBDC;Rect;1,10;1,25;0,60;;;;;;0,25;
KPTB1612SURKQBDC;Rect;1,20;1,25;0,25;;;;;;;
KX7;Rect;3,2;2,5;1;;;;0,00;0,00;;
L1154RY;mCap;2,80;2,80;1,30;0,00;;;;0,00;12,10;
L1154RY;Oval;3;3;3,05;;;;;0,00;7,95;
L1154RY;Rect;0,35;0,35;10,15;;715,00;;1,50;;-2,00;
L1154RY;Rect;0,35;0,35;10,15;;-715,00;;-1,50;0,00;-2,00;
L1154RY;Rect;0,35;0,35;10;;;;;0,00;-2,00;
LED;Oval;3;3;3,05;;;;;;5,00;
LED;Rect;0,35;0,35;5;;;;0;1,25;;
LED;Rect;0,35;0,35;5;;;;0;-1,25;;
LGA14;Rect;3;5;1;;;;;;;
LIS202;Rect;5;3;1,60;;;;;0,05;;
LMX9838;Rect;18,7;10,6;1,5;;;;-2,65;;;
LQFP100;mPins4;17,1;17,1;1,00;;;;-7,78;0,00;0,10;
LQFP100;Rect;14;14;1,7;;;;0,00;0,00;0,00;
LQFP10014;LQFP100;;;;;;;;;;
MBR0520;mPins2;3,50;1,25;0,80;;;;-1,59;;;
MBR0520;Rect;2,85;1,8;1,35;;;;;;0,00;
MBRS140;Rect;5;4;2,8;;;;;;;
mCap;mCap2;;;;;;;;;;
mCap;mCap2;;;;135,00;;;;;;
mCap;mCap2;;;;180,00;;;;;;
mCap;mCap2;;;;225,00;;;;;;
mCap;mCap2;;;;270,00;;;;;;
mCap;mCap2;;;;315,00;;;;;;
mCap;mCap2;;;;45,00;;;;;;
mCap;mCap2;;;;90,00;;;;;;
mCap2;3Dtrap;1,00;1,50;1,50;;;;-1,50;0,00;-0,75;
mCap2;Sector;0,75;1,00;;-90,00;0,00;-20,00;-1,00;0,00;0;
mDip100;mSip100;;;;90,00;;;1,275;-1,25;;
mDip100;mSip100;;;;90,00;;;-1,275;-1,25;0,00;
mDip79;mSip79;;;;90,00;;;1;-1,00;;
mDip79;mSip79;;;;90,00;;;-1;-1,00;;
mDPin;Rect;1,00;1,00;10,00;;;;;;;
mDPin;Rect;1,00;1,00;3,00;;90,00;;0,50;;9,50;
MFSM100;Rect;7,95;5,40;2,00;;;;;;;
MINI USB 54819;Rect;4,50;7,50;1,00;0,00;;;0,00;0,95;1,50;
MINI USB 54819;usbpack;;;;;;;0,00;1,10;3,55;
MINI USB 54819;usbpins;;;;0,00;;;-4,95;-4,00;0,00;
MINISO10;SO8;3,30;4,77;1,50;;;;0,00;0,00;0,00;
MINISO10T;MINISO10;;;;;;;;;;
MINISO8;Rect;3,2;4,1;1;;;;0,00;0,00;;
MINISO82;MINISO8;;;;;;;;;;
MINISO8T;Rect;3,2;4,1;1;;;;;0,00;;
MINIUSB2C;mPins2;8,50;;2,00;90,00;180,00;;-4,60;3,85;0,55;
MINIUSB2C;mPins2;8,50;1,80;2,00;90,00;180,00;;-0,55;3,85;0,55;
MINIUSB2C;Pin;1,20;3,50;2,05;180,00;;;-4,50;;-1,70;
MINIUSB2C;Silk;;;7,8;;90;;-3,90;;;
MLL41;mPins2;5,622;2;1,4;180;;;2,555;-0,05;0,1;
MLL41;Rect;4,6;3,8;2,4;;;;;;;
MLPFWB5501E3;Rect;1,00;1,60;0,50;;;;;;;
MLX90614;Oval;10,00;10,00;0,85;;;0,00;0,00;0,00;4,65;
MLX90614;Oval;9,50;9,50;3,25;;;0,00;0,00;0,00;5,50;
MLX90614;Rect;0,40;3,95;0,40;;;90,00;1,80;1,60;2,65;
MLX90614;Rect;0,40;3,95;0,40;;;90,00;-1,80;1,60;2,65;
MLX90614;Rect;0,40;3,95;0,40;;;90,00;1,80;-2,00;2,65;
MLX90614;Rect;0,40;3,95;0,40;;;90,00;-1,80;-2,00;2,65;
MLX90614R;Oval;10,00;10,00;0,85;-45,00;-90,00;0,00;-2,85;3,05;5,50;
MLX90614R;Oval;9,50;9,50;3,25;-45,00;-90,00;0,00;-3,45;3,65;5,50;
MLX90614R;Rect;0,40;10,20;0,40;45,00;-90,00;90,00;-0,55;-0,60;3,60;
MLX90614R;Rect;0,40;4,35;0,40;30,00;-90,00;0,00;-1,65;1,30;8,50;
MLX90614R;Rect;0,40;4,35;0,40;40,00;-90,00;0,00;-3,25;-0,45;5,50;
MLX90614R;Rect;0,40;4,35;0,40;50,00;-90,00;0,00;0,70;3,55;5,35;
MLX90614R;Rect;0,40;4,35;0,40;60,00;-90,00;0,00;-1,10;1,95;2,95;
MLX90614R;Rect;0,40;4,70;0,40;45,00;-90,00;90,00;0,85;0,80;0,80;
MLX90614R;Rect;0,40;7,25;0,40;45,00;-90,00;90,00;-1,95;-2,00;2,10;
MLX90614R;Rect;0,40;7,25;0,40;45,00;-90,00;90,00;2,25;2,25;2,10;
MOL522070885M;Rect;1,5;14;2;0;;;2,75;;;
MOL522070885M;Rect;1;16;3;;;;4;;;
MOL522070885M;Rect;4,35;15,05;3,3;;;;-0,2;;;
MOL522710879;Rect;1,5;14;2;0;;;5,10;;;
MOL522710879;Rect;1;16;3;;;;6,35;;;
MOL522710879;Rect;4,35;15,05;3,3;;;;2,15;;;
MOL522711079M;Rect;1,5;16;2;;;;2,75;;;
MOL522711079M;Rect;1;17,5;3;;;;4;;;
MOL522711079M;Rect;5;17;3,3;;;;-0,5;;;
MOL527460870;Arc;1,00;0,80;7,80;-90,00;90,00;;-3,90;2,50;0,95;
MOL527460870;Rect;10,45;1;1,7;0,00;;;;-2,4;;
MOL527460870;Rect;8,55;3,6;1,7;0,00;;;;-0,1;;
MOL73100;Oval;6,00;6,00;3,50;0,00;90,00;;3,50;;6,75;
MOL73100;Oval;6,50;6,50;5,50;0,00;90,00;;7,00;;6,75;
MOL73100;Rect;7,00;7,00;10,00;;;;;;;
Molex548190572;MINI USB 54819;;;;-90,00;;;-1,50;;;
mPins2;Pin;1,00;1,00;1,50;;;;;;0,20;
mPins2;Pin;1,00;1,00;1,50;180,00;;;10,00;;0,20;
mPins4;mPins2;;8,00;;;;;;;;
mPins4;mPins2;;8,00;;90,00;;;5,00;-5,00;;
mPins8;mPins2;;;;;;;;0,00;;
mPins8;mPins2;;;;;;;;2,00;;
mPins8;mPins2;;;;;;;;4,00;;
mPins8;mPins2;;;;;;;;6,00;;
mSip79;Rect;0,60;0,60;8,00;;;;;;-2,00;
mSip79;Rect;0,60;0,60;8,00;;;;2;;-2,00;
mSip79;Rect;4;2;2,55;;;;1,00;0,00;;
mSoic;mPins2;4,775;4,30;1,00;90;;;0;-2,17;;
mSoic;Rect;3,9;5;1,6;-90;;;0;0;;
MSOP8;mSoic;2,50;;1,00;;;;;;;
mTrap;Rect;1,00;1,00;;;;;;;;
mTrap;Triangle;0,50;1,00;0,00;-90,00;;;-0,50;-0,50;;
mTrap;Triangle;1,00;0,50;;;;;-0,50;0,50;;
NL4532;Rect;4,50;3,20;2,70;;;;;;;
NL4532;Rect;4,50;3,20;2,70;;;;;;;
NX2016;Rect;2,05;1,60;1,00;;;;;;;
P1M102T;Rect;25;9,5;11;;;;;;;
P1M102T;Rect;3;4,5;2,2;;;;;;11;
P37271;Rect;5,00;7,80;3,20;;;;2,50;0,30;;
PANASONIC EVQQ2;Oval;3;3;1,35;;;;0;-0,05;1,85;
PANASONIC EVQQ2;Rect;6,5;6;1,85;;;;;;;
PH128160;Rect;34;47;3;;;;16,20;-22,65;;
PH128160T066L03Q;Rect;34;47;3;;;;;;;
PH240320T063LQ;Rect;31;19;;;;;1;-54,8;1;
PH240320T063LQ;Rect;48;11;;0;0;;1;-39,8;1;
PH240320T063LQ;Rect;50;69;2,7;;;;1;0,2;;
PH320240T022IQ;Arc;1,5;24;28;180;270;;14;-34,5;2,8;
PH320240T022IQ;Arc;1,5;4;28;180;90,00;;-14;-34,5;2,75;
PH320240T022IQ;Rect;72;55,5;0,01;;;;;2,3;5,9;
PH320240T022IQ;Rect;76,75;64;3,20;;;;;;2,65;
PLHD01;Rect;0,50;0,50;10,50;;;;;;-2,50;
PLHD01;RndQ;2.54;2.54;3;;;;0,90;0,90;0,00;
PLHD02;PLHD01;2.54;2.54;;;;;-0,365;0,90;0,00;
PLHD02;PLHD01;2.54;2.54;;;;;2,18;0,90;0,00;
PLHD08;PLHD02;;;;90,00;0,00;360,00;-0,38;-0,90;0,00;
PLHD08;PLHD02;;;;90,00;0,00;360,00;2,17;-0,90;0,00;
PLHD08;PLHD02;;;;90,00;0,00;360,00;-2,92;-0,90;0,00;
PLHD08;PLHD02;;;;90,00;0,00;360,00;4,72;-0,90;0,00;
QFPN32;Rect;5,00;5,00;1,00;;;;;;;
QSOP14;mPins2;6,12;4,20;1,05;90,00;0,00;;0,02;-2,80;;
QSOP14;Rect;5;4,6;1,75;90,00;0,00;;;-0,02;;
QSOP16;mPins2;5,65;5,30;1;90,00;;;0,00;-2,57;;
QSOP16;Rect;6;4,6;1,75;;;;;;;
QSOP20;SO8M;7,00;6,50;;;;;;;;
RC0805;Rect;2,2;1,2;0,5;;;;;;;
RC08052;RC0805;;;;;;;;;;
RC08053;RC0805;;;;;;;;;;
RC1206;Rect;3,1;1,6;0,55;;;;;;;
RC2512;Rect;6,00;3,20;;;;;;;;
RN4871;Rect;2,05;2,90;1,50;;;;-2,45;0,30;1,50;
RN4871;Rect;3,70;5,50;1,50;;;;1,55;-1,45;1,50;
RN4871;Rect;8,15;10,50;1,50;;;;;;;
RN4871;Silk;0,00;;1,50;;;;;;;
RN48711;Rect;2,00;2,90;1,50;;;;-2,45;0,30;1,50;
RN48711;Rect;3,70;5,50;1,50;;;;1,55;-1,45;1,50;
RN48711;Silk;;;1,50;;;;;;;
RND;Oval;40,00;40,00;3;;;;;;0,00;
RND;Oval;7,00;7,00;20,00;;90,00;;-10,00;;-5,50;
RND;Rect;20,00;5,00;5,00;;;;;;-5,00;
RND;Tripple;;;;;;;;;3;
RND;Tripple;;;;120,00;;;;;3;
RND;Tripple;;;;240,00;;;;;3;
RndQ;Rect;;1,40;7;135,00;;;0,50;-5,50;0,00;
RndQ;Rect;;1,40;7;225,00;;;0,50;0,50;0,00;
RndQ;Rect;;1,40;7;225,00;;;-5,50;-5,50;0,00;
RndQ;Rect;;1,40;7;315,00;;;-5,50;0,50;0,00;
RndQ;Rect;;5,00;7;;;;1,00;-2,50;0,00;
RndQ;Rect;;5,00;7;;;;-6,00;-2,50;0,00;
RndQ;Rect;;5,00;7;90,00;;;-2,50;1,00;0,00;
RndQ;Rect;;5,00;7;90,00;;;-2,50;-6,00;0,00;
RndQ;RndRect;;;;;;;;;;
RndQ;RndRect;;;;;;;;;7,00;
RndRect;Rect;5,00;1;;270,00;;;0,50;-2,50;;
RndRect;Rect;5,00;1;;270,00;;;-5,50;-2,50;;
RndRect;Rect;7,00;5,00;;270,00;;;-2,50;-2,50;;
RndRect;Triangle;1,00;1,00;;;;;;;;
RndRect;Triangle;1,00;1,00;;180,00;;;-5,00;-5,00;;
RndRect;Triangle;1,00;1,00;;270,00;;;0,00;-5,00;;
RndRect;Triangle;1,00;1,00;;90,00;;;-5,00;;;
S1A;PinSMD;1,45;1,65;1,45;0;-20;;-2,45;0,00;0,25;
S1A;PinSMD;1,45;1,65;1,45;180;-20;;2,45;0,00;0,25;
S1A;Rect;4,5;2,8;2,3;;;;0,00;0,00;0,00;
S2PVH;Rect;8,10;16,50;6;0,00;;;2,00;-10,75;;
S2PVH;Silk;8,10;16,50;6;;;;;;;
SC705;mPins2;1,55;0,4;0,7;90,00;;;0,70;-0,705;;
SC705;mPins2;1,55;0,40;0,7;90,00;;;-0,70;-0,705;;
SC705;Pin;0,15;0,40;0,7;90,00;;;0,00;-0,70;0,10;
SC705;Rect;2;1,25;1,1;;;;;;;
SC706;mPins2;1,55;0,40;0,7;90,00;;;0,00;-0,705;;
SC706;mPins2;1,55;0,40;0,7;90,00;;;0,70;-0,705;;
SC706;mPins2;1,55;0,40;0,7;90,00;;;-0,70;-0,705;;
SC706;Rect;2;1,25;1,1;;;;;;;
SFM12401;Rect;12;12;2;;;;;;;
SFM1241;Rect;12;12;2;;;;0,00;0,00;0,00;
SFM1440;Rect;14,00;14,00;2,00;;;;;;;
SFM1740;Rect;17,00;17,00;7,60;;;;;;;
SIP6;Arc;6;3,20;1;95,00;0,00;-90,00;0,25;0,50;0,50;
SIP6;Arc;6;3,20;1;95,00;180,00;-90,00;-0,30;-0,50;0,50;
SJK6K61;ZQ32768M;2.5;8,25;;;;;0,05;1,10;;
SMB;Rect;0,5;2;1,5;;;;2,55;;;
SMB;Rect;0,5;2;1,5;;;;-2,55;;;
SMB;Rect;4,6;3,8;2,4;;;;;;;
SMBJ6.5;Pin;0,65;2;1,7;;;;-2,625;;;
SMBJ6.5;Pin;0,65;2;1,7;180;;;2,62;;;
SMBJ6.5;Rect;4,6;4;2,65;;;;;;;
SMD5X8;Rect;6;5,2;1,8;;;;;;;
SMW5.7;Rect;6;5,2;1,8;;;;;;;
SO16;SO8;;;;;;;2,55;;;
SO16;SO8;;;;;;;-2,55;;;
SO167.5;mSoic;10,5;9,60;2,65;;;;4,45;4,55;0,00;
SO8;mSoic;0,00;0,00;0,00;;;;;;;
SO8M;mSoic;;;;;;;;;;
SOD123;Pin;0,5;0,7;1;;;;-1,65;;;
SOD123;Pin;0,5;0,7;1;180;;;1,65;;;
SOD123;Rect;2,85;1,8;1,35;;;;;;;
SOT143;Pin;0,70;0,50;0,60;90,00;;;-0,75;-1,05;0,20;
SOT143;Pin;0,70;0,50;0,60;90,00;;;0,95;-1,05;0,20;
SOT143;Pin;0,70;0,50;0,60;-90,00;;;0,95;1,05;0,20;
SOT143;Pin;0,70;0,50;0,60;-90,00;;;-0,95;1,05;0,20;
SOT143;RECT;3,00;1,40;1,10;;;;;;;
SOT223;Pin;1,8;0,85;1;90;;;;-2,8;;
SOT223;Pin;1,8;0,85;1;90;;;2,2;-2,8;;
SOT223;Pin;1,8;0,85;1;90;;;-2,2;-2,8;;
SOT223;Pin;1,8;2,5;1;270;0;;;2,8;;
SOT223;Rect;6,66;3,8;01;;;;;;;
SOT23(SC70);SOT235;;;;;;;;;;
SOT23;Pin;0,5;0,75;1;-90;10;;;1,30;;
SOT23;Pin;0,5;0,75;1;90;10;;1;-1,35;;
SOT23;Pin;0,50;0,75;1;90;10;;-1;-1,35;;
SOT23;Rect;3,1;1,8;1,45;;;;;-0,03;;
SOT235;SC705;3,10;2,30;1,45;;;;0,00;0,00;;
SOT236;SC706;3,10;2,30;1,45;;0,00;0,00;0,00;0,00;;
SPBT26321;Rect;7;11,5;1,5;;;;-7;;1,5;
SPBT26321;Silk;;;1,5;;;;0;;;
SPBT3.0DP2;Rect;12,35;11,00;1,50;;;;;5,55;1,50;
SPBT3.0DP2;Silk;;;1,50;;;;;;;
SR0603;Oval;5,6;5,6;3,7;;;;;;;
SRU5028;Rect;2,15;5,2;02;;;;;;;
SRU5028;Rect;2,15;5,2;02;135;;;;;;
SRU5028;Rect;2,15;5,2;02;45;;;;;;
SRU5028;Rect;5,2;2,15;02;;;;;;;
STM32F401CCU6;Rect;7,00;7,00;1,50;;;;;;;
SWT20;Oval;03;03;1;;;;;;03;
SWT20;Rect;0,25;0,65;2,55;;;;-3,225;2,2;-2;
SWT20;Rect;0,25;0,65;2,55;;;;-3,225;-2,2;-2;
SWT20;Rect;0,25;0,65;2,55;;;;3,23;2,2;-2;
SWT20;Rect;0,25;0,65;2,55;;;;3,23;-2,2;-2;
SWT20;Rect;06;06;03;;;;;;;
TDFN;Rect;2,00;3,00;0,80;;;;;;;
TG04PINS;Pin;3,50;1,00;2,20;-90,00;;;0,00;5,30;0,30;
TG04PINS;Pin;3,50;1,00;2,20;-90,00;;;2,55;5,30;0,30;
TG04PINS;Pin;3,50;1,00;2,20;-90,00;;;-2,55;5,30;0,30;
TG04RF01NS8LF;Rect;8,20;7,10;5,10;;;;0,00;;;
TG04RF01NS8LF;TG04PINS;;;;;;;;;;
TG04RF01NS8LF;TG04PINS;;;;180,00;;;;0,00;;
TP;SIP6;;;;;;;2,55;;;
TQFP32A;mPins4;8,58;8,58;0,90;;;;-3,90;;;
TQFP32A;Rect;7;7;1,5;0;0;;;;;
TQFP6410;mPins4;12,20;12,20;0,90;;;;-5,55;0,00;;
TQFP6410;Rect;10;10;1,7;0,00;;;0,00;0,00;;
Tripple;Silk;18,00;;18,00;;;;;;;
TSA1PW130;Oval;3,00;3,00;4,3;;0,00;-90,00;;0,00;4,00;
TSA1PW130;TSA4PV;;;;-90,00;;-90,00;3,70;0,15;3,50;
TSA1PW130;TSA4PV;;;-3,70;-90,00;;-90,00;-3,70;0,15;3,50;
TSA4PV;Oval;1;1;0.4;0,00;90,00;;2,75;-1,80;1,15;
TSA4PV;Oval;1;1;0.4;0,00;90,00;;2,75;2,70;1,15;
TSA4PV;Rect;1.5;3;0,40;;;;-3,50;-2,00;;
TSA4PV;Rect;5.5;7;0,40;;;;;;;
TSA4PV;Rect;6;3,70;3,30;90,00;;;0,90;0,50;0,40;
TSA4PV;Triangle;1.5;4;0,40;0,00;180,00;;-2,75;-0,50;0,40;
TSA4PV130;Oval;3,00;3,00;5.6;;0,00;-90,00;;-2,60;4,00;
TSA4PV130;TSA4PV;;;;-90,00;;-90,00;3,70;0,15;3,50;
TSA4PV130;TSA4PV;;;-3,70;-90,00;;-90,00;-3,70;0,15;3,50;
TSSOP16;mPins8;6,60;2,28;0,60;90,00;;;-0,33;-3,00;0,00;
TSSOP16;mPins8;6,60;2,28;0,60;90,00;;;2,27;-3,00;0,00;
TSSOP16;Rect;5;5,40;1,1;;;;;0,00;;
TSSTD26EA;TSSTD26EA1;;;;;;;;;;
TSSTD26EA1;mPins2;5,75;0,50;0,50;;;;-2,60;0,85;;
TSSTD26EA1;mPins2;5,75;0,50;0,50;;;;-2,60;-0,85;;
TSSTD26EA1;Rect;2,30;0,50;0,50;;;;;-2,00;0,90;
TSSTD26EA1;Rect;2,60;0,50;1,70;;;;;-2,50;;
TSSTD26EA1;Rect;4,70;3,50;1,70;;;;;;;
TYC6403892;6403892;;;;;;;-2,00;;;
Tyco1849530;Rect;1,25;16;1;;;;2,2;;0,00;
Tyco1849530;Rect;1;18;1,7;;;;3,35;-0,1;0,00;
Tyco1849530;Rect;4;17;1,8;0;0;;-0,45;;0,00;
UFQFPN48;Rect;7;7;1,50;0;0;;;;;
UFQFPN48WIDE1;UFQFPN48;;;;;;;;;;
USB “»œ A 2410 06;Rect;12,70;14,00;5,00;;;;;-0,05;-0,55;
usbgnd;Rect;1,10;1,50;0,45;;;;-0,55;0,75;;
usbgnd;Triangle;0,35;0,35;0,45;;;;;0,00;;
usbgnd;Triangle;0,35;0,35;0,45;-90,00;;;;1,50;;
usbpack;Arc;0,85;0,85;2,70;-180,00;180,00;-90,00;2,50;1,40;-2,70;
usbpack;Arc;0,85;0,85;2,70;-90,00;180,00;-90,00;-2,50;1,40;-2,70;
usbpack;Arc;0,85;0,85;8,20;0,00;0,00;-90,00;3,00;4,10;-0,35;
usbpack;Arc;0,85;0,85;8,20;0,00;180,00;-90,00;-3,00;-4,10;-0,35;
usbpack;Arc;1,25;0,25;2,70;90,00;0,00;90,00;-3,60;1,40;-1,35;
usbpack;Arc;1,25;0,25;2,70;-90,00;0,00;90,00;-3,60;1,40;-1,85;
usbpack;Arc;1,25;0,25;2,70;90,00;180,00;90,00;3,60;4,10;-1,35;
usbpack;Arc;1,25;0,25;2,70;-90,00;180,00;90,00;3,60;4,10;-1,85;
usbpack;Rect;3,20;5,00;0,50;;90,00;;3,35;-1,60;-1,95;
usbpack;Rect;3,20;5,00;0,50;;90,00;;-3,85;-1,60;-1,95;
usbpack;Rect;5,00;2,70;;;;;;2,75;-3,55;
usbpack;Rect;6,00;8,2;0,50;;;;;;;
usbpin;Rect;0,40;0,20;1,80;;;;0,00;0,50;0,20;
usbpin;Rect;0,40;1,20;0,20;;;;;;;
usbpins;usbgnd;;0,00;;;;;9,55;0,00;0,00;
usbpins;usbgnd;;0,00;;180,00;;;0,35;1,50;0,00;
usbpins;usbgnd;;2,00;;0;;;9,55;4,05;0,00;
usbpins;usbgnd;;2,00;;180,00;;;0,35;6,00;0,00;
usbpins;usbpin;;0,00;;;;;3,35;0,60;;
usbpins;usbpin;;0,00;;;;;4,15;0,60;;
usbpins;usbpin;;0,00;;;;;4,95;0,60;;
usbpins;usbpin;;0,00;;;;;5,75;0,60;;
usbpins;usbpin;;0,00;;;;;6,55;0,60;;
VSSOP8;mSoic;2,00;3,20;;;;;;;;
W210502PR;Rect;6;6;4,6;;;;1;-3;;
W210502PR;W210502PR2;;;;;;;0,00;;;
W210502PR;W210502PR2;-2,25;;;;;;2,00;0,00;0,00;
W210502PR2;Rect;0,5;0,5;4,80;;;;0;0;-2;
W210502PR2;Rect;1,00;1,60;2,30;;;;-1,50;0,80;;
W210502PR2;Rect;2,00;1;;90;40,00;;-1,50;0,80;2,95;
W210502PS;Rect;6;4,4;6,00;;;;1;0,5;;
W210502SC;Rect;6;4,7;6;;;;1;0,45;;
W210504PR;Rect;0,5;0,5;3;;;;2;0;-2;
W210504PR;Rect;0,5;0,5;3;;;;4;0;-2;
W210504PR;Rect;0,5;0,5;3;;;;6;0;-2;
W210504PR;Rect;0,5;0,5;3;;0,00;0,00;0;0;-2;
W210504PR;Rect;10;6;4,6;0,00;;0,00;3;-3,00;;
W210504PR;Rect;3,05;10;;90;45;;3;1,1;1,1;
W210504PS;Rect;10;4,5;6;;;;0,00;0,00;;
W210504PS;Rect;9;4;1;;;;0,00;0,00;6;
W210505PR;Rect;0,50;1,50;3;;;;-1,25;0,75;;
W210505PR;Rect;0,50;1,50;3;;;;9,25;0,75;;
W210505PR;Rect;12,00;7,50;6,00;;;;4,00;-3,75;;
W210505PR;Triangle;1,50;1,50;0,50;;-90,00;;-1,00;;3,00;
W210505PR;Triangle;1,50;1,50;0,50;;-90,00;;9,50;;3,00;
WIMA01;Rect;4,70;3,30;3,15;;;;;;;
WIMA047;Arc;1,00;1,00;6,00;0,00;90,00;0,00;-3,00;-4,50;1,00;
WIMA047;Arc;1,00;1,00;6,00;-180,00;270,00;0,00;3,00;4,50;1,00;
WIMA047;Rect;6,00;7,00;4,00;;;;;;;
WSON;Rect;2,10;2,10;0,80;;;;;;;
XF2M24151A;Arc;2,50;14,50;13;0,00;450,00;180,00;-6,50;-24,95;0,20;
XF2M24151A;Arc;2,50;6,50;13;0,00;270,00;180,00;6,50;-24,95;0,20;
XF2M24151A;Rect;0,00;1,50;13;0,00;270,00;360,00;6,50;-4,33;1;
XF2M24151A;Rect;0,00;8,00;13;0,00;270,00;192,00;6,50;-9,02;1,85;
XF2M24151A;Rect;42,00;27,00;1.5;0,00;180,00;;;-7,45;-1,55;
XF2M24151A2;XF2M24151A;;;;180,00;180,00;;0,00;-3,20;-1,00;
XF2M50151A;Rect;28,5;5,2;2,2;;;;;0;0;
Z1;Oval;3;9,45;0,5;90;88;;0;4,90;1,80;
Z1;Oval;9,15;2,40;12;0,00;0,00;88,00;;-7,10;1,30;
Z1;Pin;1,45;0,3;1,7;270;180;;-2,5;6,15;1,85;
Z1;Pin;1,5;0,30;1,70;270;180;;2,5;6,15;1,85;
ZQ32768M;32768;;;;-270,00;;;;0,00;;
 œ303;Oval;4,30;4,30;6,00;;;;0,90;-0,90;;
 œ303;Silk;;;0,50;;;;;;;
